"link","src","title"
"https://showcase.p5js.org/#/2020-All/project-1/","https://showcase.p5js.org//static/media/1.1b8d21d8.png","ProtestKor.pe,<em>Aisha Jandosova, Kuat Abeshev, Jeffrey Yoo Warren, Irina Mednikova</em>"
"https://showcase.p5js.org/#/2020-All/project-2/","https://showcase.p5js.org//static/media/2.419d2e19.png","Plastic Sweeper,<em>Aditya De</em>"
"https://showcase.p5js.org/#/2020-All/project-3/","https://showcase.p5js.org//static/media/3.2d08cee6.png","youtube.nextnextnext.video,<em>Jungsue Park</em>"
"https://showcase.p5js.org/#/2020-All/project-4/","https://showcase.p5js.org//static/media/4.84d454f7.png","Bezier Lion Mask,<em>sosunny</em>"
"https://showcase.p5js.org/#/2020-All/project-5/","https://showcase.p5js.org//static/media/5.eb8a9b9f.png","Cyberflowers,<em>JPL</em>"
"https://showcase.p5js.org/#/2020-All/project-6/","https://showcase.p5js.org//static/media/6.6e26f440.png","mouseText,<em>Hannah</em>"
"https://showcase.p5js.org/#/2020-All/project-7/","https://showcase.p5js.org//static/media/7.cd69a448.png","Cozy Coding,<em>Aren Davey</em>"
"https://showcase.p5js.org/#/2020-All/project-8/","https://showcase.p5js.org//static/media/8.d393e537.png","Love Maze,<em>Vince Nguyen</em>"
"https://showcase.p5js.org/#/2020-All/project-9/","https://showcase.p5js.org//static/media/9.ad49799e.png","The Fractal Zone,<em>Summer Rizzo</em>"
"https://showcase.p5js.org/#/2020-All/project-10/","https://showcase.p5js.org//static/media/10.162789b6.png","Let the music play!,<em>Dan Ran</em>"
"https://showcase.p5js.org/#/2020-All/project-11/","https://showcase.p5js.org//static/media/11.6e5d0113.png","En to Oto.,<em>nasana</em>"
"https://showcase.p5js.org/#/2020-All/project-12/","https://showcase.p5js.org//static/media/12.93e9e6b0.png","Trees of Translation,<em>Baltazar Pérez</em>"
"https://showcase.p5js.org/#/2020-All/project-13/","https://showcase.p5js.org//static/media/13.9c8821a4.png","Justice in COVID-19,<em>Kosuke Murakami</em>"
"https://showcase.p5js.org/#/2020-All/project-14/","https://showcase.p5js.org//static/media/14.c1328f15.gif","lissajous-animated,<em>Casey Labrack</em>"
"https://showcase.p5js.org/#/2020-All/project-15/","https://showcase.p5js.org//static/media/15.20bde226.png","Generative Identity,<em>Malay Vasa</em>"
"https://showcase.p5js.org/#/2020-All/project-16/","https://showcase.p5js.org//static/media/16.115cb70d.png","36 Days of Type x p5.js,<em>Gian Italiano</em>"
"https://showcase.p5js.org/#/2020-All/project-17/","https://showcase.p5js.org//static/media/17.b439687f.png","Room/Me,<em>Kat Zhang</em>"
"https://showcase.p5js.org/#/2020-All/project-18/","https://showcase.p5js.org//static/media/18.f1008fc5.png","What's Up In The Gut?,<em>Olga Khvan, Rene Goldfarb-Ilyashov, Rachel DeNoble, Rui Song</em>"
"https://showcase.p5js.org/#/2020-All/project-19/","https://showcase.p5js.org//static/media/19.d871ad7f.png","Singing Buddy,<em>Lisha P. , Prince S.A.</em>"
"https://showcase.p5js.org/#/2020-All/project-20/","https://showcase.p5js.org//static/media/20.3bf36434.png","Graphic Beats,<em>Naoki Kanazawa</em>"
"https://showcase.p5js.org/#/2020-All/project-21/","https://showcase.p5js.org//static/media/21.c938ee0a.png","ModalFlow,<em>Baltazar Pérez</em>"
"https://showcase.p5js.org/#/2020-All/project-22/","https://showcase.p5js.org//static/media/22.02754b6f.png","Music Within,<em>Yiting Liu</em>"
"https://showcase.p5js.org/#/2020-All/project-23/","https://showcase.p5js.org//static/media/23.745922fb.png","Common Denominator,<em>Max</em>"
"https://showcase.p5js.org/#/2020-All/project-24/","https://showcase.p5js.org//static/media/24.d42005e5.png","Album Motion Art,<em>Sanjana Padmanabhan</em>"
"https://showcase.p5js.org/#/2020-All/project-25/","https://showcase.p5js.org//static/media/25.3991c7ac.png","Audio Visualizers,<em>Samantha Ruiz</em>"
"https://showcase.p5js.org/#/2020-All/project-26/","https://showcase.p5js.org//static/media/26.d2d9b382.png","Farm Beats,<em>Cynthia Cheng</em>"
"https://showcase.p5js.org/#/2020-All/project-27/","https://showcase.p5js.org//static/media/27.78e682f6.png","COVID-19 Sim,<em>Shirling, Sriya, &amp; Syalomee</em>"
"https://showcase.p5js.org/#/2020-All/project-28/","https://showcase.p5js.org//static/media/28.5519b2b3.png","Fauna,<em>Ryan Joseph</em>"
"https://showcase.p5js.org/#/2020-All/project-29/","https://showcase.p5js.org//static/media/29.ac75c9ac.png","Soundspin,<em>Joe McKay</em>"
"https://showcase.p5js.org/#/2020-All/project-30/","https://showcase.p5js.org//static/media/30.8ba399d9.png","Animator,<em>Ecem</em>"
"https://showcase.p5js.org/#/2020-All/project-31/","https://showcase.p5js.org//static/media/31.a522237a.png","Electrostatic Field,<em>Maxime Dherbécourt (as MecanicaScience)</em>"
"https://showcase.p5js.org/#/2020-All/project-32/","https://showcase.p5js.org//static/media/32.ffa6848c.png","Fireflies,<em>Christina Dacanay</em>"
"https://showcase.p5js.org/#/2020-All/project-33/","https://showcase.p5js.org//static/media/33.bb169177.png","Swirling Fluid,<em>Nick Grant, Monni Qian, Zachariah Kobrinsky, Name Jattuporn, Sid Chou</em>"
"https://showcase.p5js.org/#/2020-All/project-34/","https://showcase.p5js.org//static/media/34.8cff17b8.gif","2020 Game,<em>Jerson La Torre</em>"
"https://showcase.p5js.org/#/2020-All/project-35/","https://showcase.p5js.org//static/media/35.4970d36d.png","codeguppy.com,<em>Adrian</em>"
"https://showcase.p5js.org/#/2020-All/project-36/","https://showcase.p5js.org//static/media/36.7482506e.png","Black hole merger with gravity waves,<em>Chris Orban (@STEMcoding)</em>"
"https://showcase.p5js.org/#/2020-All/project-37/","https://showcase.p5js.org//static/media/37.a97e33ba.png","UN____ A look at Spring 2020,<em>Jenny Kowalski</em>"
"https://showcase.p5js.org/#/2020-All/project-38/","https://showcase.p5js.org//static/media/38.c384e636.png","Covid 19 The Game,<em>Ariana</em>"
"https://showcase.p5js.org/#/2020-All/project-39/","https://showcase.p5js.org//static/media/39.51500d3f.png","Digital Aquatics,<em>tabreturn</em>"
"https://showcase.p5js.org/#/2020-All/project-40/","https://showcase.p5js.org//static/media/40.9b4be5ad.png","Ghosts on the Flow Field,<em>turtlefingers</em>"
"https://showcase.p5js.org/#/2020-All/project-41/","https://showcase.p5js.org//static/media/41.28758b32.png","suburbia.life,<em>David Schnitman (@cyberia_2020)</em>"
"https://showcase.p5js.org/#/2020-All/project-42/","https://showcase.p5js.org//static/media/42.dc4b2366.png","var DigitalMirror,<em>Hanif</em>"
"https://showcase.p5js.org/#/2020-All/project-43/","https://showcase.p5js.org//static/media/43.2eb95d54.png","reptilian parametric: snake music,<em>Gary-Martin</em>"
"https://showcase.p5js.org/#/2020-All/project-44/","https://showcase.p5js.org//static/media/44.09704f4a.png","Memori,<em>Stephanie Chen, Alex Krantz, Sashrika Pandey</em>"
"https://showcase.p5js.org/#/2020-All/project-45/","https://showcase.p5js.org//static/media/45.c9ac1fec.png","The Goals of Paredes,<em>Baltazar Pérez</em>"
"https://showcase.p5js.org/#/2020-All/project-46/","https://showcase.p5js.org//static/media/46.bd449912.gif","Code Red: Astro,<em>Aniket Raj</em>"
"https://showcase.p5js.org/#/2020-All/project-47/","https://showcase.p5js.org//static/media/47.781234d0.png","squiggle pattern generator,<em>Jenny Kowalski</em>"
"https://showcase.p5js.org/#/2020-All/project-48/","https://showcase.p5js.org//static/media/48.15d2d73a.png","Music Visualizer,<em>Kira, Anna, and Victoria</em>"
"https://showcase.p5js.org/#/2020-All/project-49/","https://showcase.p5js.org//static/media/49.f7dcc364.gif","TelidonP5 Project,<em>Nick Fox-Gieg</em>"
"https://showcase.p5js.org/#/2020-All/project-50/","https://showcase.p5js.org//static/media/50.91dba2f2.png","Chicken Alfredo Recipe,<em>Emily Cerequas</em>"
"https://showcase.p5js.org/#/2020-All/project-51/","https://showcase.p5js.org//static/media/51.a6b4483d.png","2020 Vibes Stickers,<em>Grace P.</em>"
"https://showcase.p5js.org/#/2020-All/project-52/","https://showcase.p5js.org//static/media/52.f50f7f01.png","Virus Simulator,<em>Caroline</em>"
"https://showcase.p5js.org/#/2020-All/project-53/","https://showcase.p5js.org//static/media/53.3bf7a411.png","Simpson Colouring Book,<em>Abe Clark</em>"
"https://showcase.p5js.org/#/2020-All/project-54/","https://showcase.p5js.org//static/media/54.4e6e1ccb.png","Composer,<em>Ozgur Cinar - Ecem Karaca</em>"
"https://showcase.p5js.org/#/2020-All/project-55/","https://showcase.p5js.org//static/media/55.fd4b46a5.png","Go Corona,<em>Siddhartha</em>"
"https://showcase.p5js.org/#/2020-All/project-56/","https://showcase.p5js.org//static/media/56.b5460f9d.png","The Seasons Change,<em>Neha Malepati</em>"
"https://showcase.p5js.org/#/2020-All/project-57/","https://showcase.p5js.org//static/media/57.694bc65f.png","Magic Eye Sketch Render,<em>Oran Collins (wisehackermonkey)</em>"
"https://showcase.p5js.org/#/2020-All/project-58/","https://showcase.p5js.org//static/media/58.7c83ee5c.png","HI!,<em>Deborah Sim</em>"
"https://showcase.p5js.org/#/2020-All/project-59/","https://showcase.p5js.org//static/media/59.aa0cdce8.png","Yes No bot,<em>Toust</em>"
"https://showcase.p5js.org/#/2020-All/project-60/","https://showcase.p5js.org//static/media/60.77463ad8.png","Gaming Therapy Pt. 6,<em>Miss Identify</em>"
